{
  "andorra": [
    {
      "city": "Andorra la Vella"
    }
  ],
  "argentina": [
    {
      "city": "Buenos Aires"
    },
    {
      "city": "Mar del Plata"
    },
    {
      "city": "Mendoza"
    }
  ],
  "australia": [
    {
      "city": "Adelaide"
    },
    {
      "city": "Bendigo and Ballarat"
    },
    {
      "city": "Bathurst"
    },
    {
      "city": "Brisbane"
    },
    {
      "city": "Bunbury"
    },
    {
      "city": "Bundaberg"
    },
    {
      "city": "Busselton"
    },
    {
      "city": "Byron Bay"
    },
    {
      "city": "Cairns"
    },
    {
      "city": "Canberra"
    },
    {
      "city": "Coffs Harbour"
    },
    {
      "city": "Darwin"
    },
    {
      "city": "Geelong"
    },
    {
      "city": "Gladstone"
    },
    {
      "city": "Gold Coast"
    },
    {
      "city": "Hervey Bay"
    },
    {
      "city": "Hobart"
    },
    {
      "city": "Horsham"
    },
    {
      "city": "Launceston"
    },
    {
      "city": "Mackay"
    },
    {
      "city": "Melbourne"
    },
    {
      "city": "Mornington Peninsula"
    },
    {
      "city": "Newcastle"
    },
    {
      "city": "Orange"
    },
    {
      "city": "Perth"
    },
    {
      "city": "Port Macquarie"
    },
    {
      "city": "Rockhampton"
    },
    {
      "city": "Shepparton"
    },
    {
      "city": "Sunshine Coast"
    },
    {
      "city": "Surf Coast"
    },
    {
      "city": "Sydney"
    },
    {
      "city": "Tamworth"
    },
    {
      "city": "Toowoomba"
    },
    {
      "city": "Townsville"
    },
    {
      "city": "Wagga Wagga"
    },
    {
      "city": "Warrnambool"
    },
    {
      "city": "Wollongong"
    }
  ],
  "austria": [
    {
      "city": "Innsbruck"
    },
    {
      "city": "Salzburg"
    },
    {
      "city": "Vienna"
    }
  ],
  "bahrain": [
    {
      "city": "Manama"
    }
  ],
  "bangladesh": [
    { "city": "Bagerhat" },
    { "city": "Bogra" },
    { "city": "Chittagong" },
    { "city": "Coxs Bazar" },
    { "city": "Dhaka" },
    { "city": "Jessore" },
    { "city": "Khulna" },
    { "city": "Natore" },
    { "city": "Rajshahi" }
  ],
  "belgium": [
    {
      "city": "Brussels"
    }
  ],
  "bolivia": [{ "city": "La Paz" }, { "city": "Santa Cruz, BO" }],
  "brazil": [
    {
      "city": "Anapolis"
    },
    {
      "city": "Angra dos Reis"
    },
    {
      "city": "Aracaju"
    },
    {
      "city": "Aracatuba"
    },
    {
      "city": "Arapiraca"
    },
    {
      "city": "Bage"
    },
    {
      "city": "Barbacena"
    },
    {
      "city": "Barreiras"
    },
    {
      "city": "Bauru"
    },
    {
      "city": "Belem"
    },
    {
      "city": "Belo Horizonte"
    },
    {
      "city": "Blumenau"
    },
    {
      "city": "Boa Vista"
    },
    {
      "city": "Botucatu"
    },
    {
      "city": "Braganca Paulista"
    },
    {
      "city": "Brasilia"
    },
    {
      "city": "Cabo Frio"
    },
    {
      "city": "Cachoeiro de Itapemirim"
    },
    {
      "city": "Campina Grande"
    },
    {
      "city": "Campinas"
    },
    {
      "city": "Campo Grande"
    },
    {
      "city": "Campos dos Goytacazes"
    },
    {
      "city": "Caruaru"
    },
    {
      "city": "Cascavel"
    },
    {
      "city": "Caxias do Sul"
    },
    {
      "city": "Chapeco"
    },
    {
      "city": "Colatina"
    },
    {
      "city": "Conselheiro Lafaiete"
    },
    {
      "city": "Cornelio Procopio"
    },
    {
      "city": "Criciuma"
    },
    {
      "city": "Cuiaba"
    },
    {
      "city": "Curitiba"
    },
    {
      "city": "Divinopolis"
    },
    {
      "city": "Dourados"
    },
    {
      "city": "Feira de Santana"
    },
    {
      "city": "Florianopolis"
    },
    {
      "city": "Fortaleza"
    },
    {
      "city": "Foz do Iguacu"
    },
    {
      "city": "Franca"
    },
    {
      "city": "Garanhuns"
    },
    {
      "city": "Goiania"
    },
    {
      "city": "Governador Valadares"
    },
    {
      "city": "Guarapuava"
    },
    {
      "city": "Ijui"
    },
    {
      "city": "Imperatriz"
    },
    {
      "city": "Ipatinga"
    },
    {
      "city": "Itabira"
    },
    {
      "city": "Itabuna e Ilheus"
    },
    {
      "city": "Itajai"
    },
    {
      "city": "Itajuba"
    },
    {
      "city": "Itaperuna"
    },
    {
      "city": "Itapipoca"
    },
    {
      "city": "Ivaipora"
    },
    {
      "city": "Jequie"
    },
    {
      "city": "Ji-Parana"
    },
    {
      "city": "Joacaba"
    },
    {
      "city": "Joao Pessoa"
    },
    {
      "city": "Joinville"
    },
    {
      "city": "Juazeiro do Norte"
    },
    {
      "city": "Juiz de Fora"
    },
    {
      "city": "Lages"
    },
    {
      "city": "Linhares"
    },
    {
      "city": "Londrina"
    },
    {
      "city": "Macae"
    },
    {
      "city": "Macapa"
    },
    {
      "city": "Maceio"
    },
    {
      "city": "Manaus"
    },
    {
      "city": "Maraba"
    },
    {
      "city": "Marilia"
    },
    {
      "city": "Maringa"
    },
    {
      "city": "Mogi Guacu"
    },
    {
      "city": "Montes Claros"
    },
    {
      "city": "Mossoro"
    },
    {
      "city": "Muriae"
    },
    {
      "city": "Natal"
    },
    {
      "city": "Nova Friburgo"
    },
    {
      "city": "Palmas"
    },
    {
      "city": "Paranagua"
    },
    {
      "city": "Parauapebas"
    },
    {
      "city": "Parnaiba"
    },
    {
      "city": "Passo Fundo"
    },
    {
      "city": "Patos"
    },
    {
      "city": "Patos de Minas"
    },
    {
      "city": "Paulo Afonso"
    },
    {
      "city": "Pelotas"
    },
    {
      "city": "Petrolina"
    },
    {
      "city": "Petropolis"
    },
    {
      "city": "Piracicaba"
    },
    {
      "city": "Pocos de Caldas"
    },
    {
      "city": "Ponta Grossa"
    },
    {
      "city": "Porto Alegre"
    },
    {
      "city": "Porto Seguro"
    },
    {
      "city": "Porto Velho"
    },
    {
      "city": "Pouso Alegre"
    },
    {
      "city": "Presidente Prudente"
    },
    {
      "city": "Recife"
    },
    {
      "city": "Ribeirao Preto"
    },
    {
      "city": "Rio Branco"
    },
    {
      "city": "Rio De Janeiro"
    },
    {
      "city": "Rio Verde"
    },
    {
      "city": "Rondonopolis"
    },
    {
      "city": "Salvador"
    },
    {
      "city": "Santa Cruz do Capibaribe"
    },
    {
      "city": "Santa Cruz do Sul"
    },
    {
      "city": "Santa Maria"
    },
    {
      "city": "Santarem"
    },
    {
      "city": "Santo Angelo"
    },
    {
      "city": "Santo Antonio de Jesus"
    },
    {
      "city": "Santos"
    },
    {
      "city": "Sao Bento do Sul"
    },
    {
      "city": "Sao Carlos"
    },
    {
      "city": "Sao Jose do Rio Preto"
    },
    {
      "city": "Sao Jose dos Campos"
    },
    {
      "city": "Sao Luis"
    },
    {
      "city": "Sao Paulo"
    },
    {
      "city": "Sobral"
    },
    {
      "city": "Sorocaba"
    },
    {
      "city": "Teofilo Otoni"
    },
    {
      "city": "Teresina"
    },
    {
      "city": "Tres Rios"
    },
    {
      "city": "Tucurui"
    },
    {
      "city": "Uba"
    },
    {
      "city": "Uberaba"
    },
    {
      "city": "Uberlandia"
    },
    {
      "city": "Umuarama"
    },
    {
      "city": "Uruguaiana"
    },
    {
      "city": "Valenca"
    },
    {
      "city": "Varginha"
    },
    {
      "city": "Vitoria"
    },
    {
      "city": "Vitoria da Conquista"
    },
    {
      "city": "Volta Redonda"
    }
  ],
  "canada": [
    { "city": "Calgary" },
    { "city": "Edmonton" },
    { "city": "Gatineau" },
    { "city": "Hamilton" },
    { "city": "Kingston" },
    { "city": "Kitchener-Waterloo" },
    { "city": "Lethbridge" },
    { "city": "London, Ont" },
    { "city": "Montreal" },
    { "city": "Niagara Region" },
    { "city": "Ottawa" },
    { "city": "Quebec City" },
    { "city": "Red Deer" },
    { "city": "Regina" },
    { "city": "Saskatoon" },
    { "city": "Toronto" },
    { "city": "Vancouver" },
    { "city": "Windsor" },
    { "city": "Winnipeg" }
  ],
  "chile": [
    { "city": "Antofagasta" },
    { "city": "Arica" },
    { "city": "Calama" },
    { "city": "Concepcion" },
    { "city": "Copiapo" },
    { "city": "Coyhaique" },
    { "city": "Iquique" },
    { "city": "La Serena" },
    { "city": "Los Andes" },
    { "city": "Osorno" },
    { "city": "Ovalle" },
    { "city": "Puerto Montt" },
    { "city": "Punta Arenas" },
    { "city": "Rancagua" },
    { "city": "Santiago" },
    { "city": "Talca" },
    { "city": "Temuco" },
    { "city": "Valdivia" },
    { "city": "Valparaiso" }
  ],
  "colombia": [
    { "city": "Bogota" },
    { "city": "Bucaramanga" },
    { "city": "Cali - Colombia" },
    { "city": "Cartagena" },
    { "city": "Cucuta" },
    { "city": "Ibague" },
    { "city": "Medellin" },
    { "city": "Monteria" },
    { "city": "Pereira" },
    { "city": "Popayan" },
    { "city": "Valledupar" }
  ],
  "costa-rica": [
    { "city": "Liberia" },
    { "city": "San Carlos" },
    { "city": "San Jose, CR" }
  ],
  "croatia": [
    { "city": "Rijeka" },
    { "city": "Croatian Coast" },
    { "city": "Zagreb" }
  ],
  "czech-republic": [{ "city": "Prague" }],
  "denmark": [{ "city": "Copenhagen" }],
  "dominican-republic": [
    { "city": "La Romana" },
    { "city": "Puerto Plata" },
    { "city": "San Pedro de Macoris" },
    { "city": "Santiago, DR" },
    { "city": "Santo Domingo" }
  ],
  "ecuador": [
    { "city": "Ambato" },
    { "city": "Guayaquil" },
    { "city": "Ibarra" },
    { "city": "Machala" },
    { "city": "Manta" },
    { "city": "Quito" },
    { "city": "Salinas" },
    { "city": "Santo Domingo de Los Colorados" }
  ],
  "egypt": [
    { "city": "Alexandria" },
    { "city": "Cairo" },
    { "city": "Canal Cities" },
    { "city": "Damietta" },
    { "city": "Delta" },
    { "city": "Hurghada" },
    { "city": "Mansoura" },
    { "city": "Zagazig" }
  ],
  "el-salvador": [
    { "city": "San Miguel" },
    { "city": "San Salvador" },
    { "city": "Santa Ana" }
  ],
  "estonia": [{ "city": "Tallinn" }],
  "finland": [{ "city": "Helsinki" }],
  "france": [
    { "city": "Avignon" },
    { "city": "Bordeaux" },
    { "city": "Clermont Ferrand" },
    { "city": "Grenoble" },
    { "city": "Lille" },
    { "city": "Lyon" },
    { "city": "Marseille" },
    { "city": "Montpellier" },
    { "city": "Nancy" },
    { "city": "Nantes" },
    { "city": "Nice" },
    { "city": "Orleans" },
    { "city": "Paris" },
    { "city": "Reims" },
    { "city": "Rennes" },
    { "city": "Rouen" },
    { "city": "Strasbourg" },
    { "city": "Toulon" },
    { "city": "Toulouse" },
    { "city": "Tours" }
  ],
  "mexico": [
    { "city": "Aguascalientes" },
    { "city": "Campeche" },
    { "city": "Cancun" },
    { "city": "Celaya" },
    { "city": "Chihuahua" },
    { "city": "Ciudad Juarez" },
    { "city": "Ciudad Obregon" },
    { "city": "Ciudad Victoria" },
    { "city": "Colima" },
    { "city": "Cuautla" },
    { "city": "Cuernavaca" },
    { "city": "Culiacan" },
    { "city": "Dolores Hidalgo" },
    { "city": "Durango" },
    { "city": "Gomez Palacio" },
    { "city": "Guadalajara" },
    { "city": "Guanajuato" },
    { "city": "Guasave" },
    { "city": "Guaymas" },
    { "city": "Hermosillo" },
    { "city": "Irapuato" },
    { "city": "La Paz, Mexico" },
    { "city": "Leon" },
    { "city": "Los Cabos" },
    { "city": "Los Mochis" },
    { "city": "Manzanillo" },
    { "city": "Mazatlan" },
    { "city": "Merida" },
    { "city": "Mexicali" },
    { "city": "Mexico City" },
    { "city": "Monclova" },
    { "city": "Monterrey" },
    { "city": "Morelia" },
    { "city": "Navojoa" },
    { "city": "Nogales" },
    { "city": "Nuevo Vallarta" },
    { "city": "Piedras Negras" },
    { "city": "Puebla" },
    { "city": "Puerto Vallarta" },
    { "city": "Queretaro" },
    { "city": "Salamanca" },
    { "city": "Saltillo" },
    { "city": "San Juan del Rio" },
    { "city": "San Luis Potosi" },
    { "city": "San Luis Rio Colorado" },
    { "city": "San Miguel de Allende" },
    { "city": "Tampico" },
    { "city": "Tehuacan" },
    { "city": "Tepic" },
    { "city": "Tijuana" },
    { "city": "Tlaxcala" },
    { "city": "Toluca" },
    { "city": "Torreon" },
    { "city": "Uruapan" },
    { "city": "Villahermosa" },
    { "city": "Zacatecas" }
  ],
  "spain": [
    { "city": "Alcoi" },
    { "city": "Algeciras" },
    { "city": "Alicante" },
    { "city": "Alzira" },
    { "city": "Andujar" },
    { "city": "Antequera" },
    { "city": "Arcos de la Frontera" },
    { "city": "Avila" },
    { "city": "Badajoz" },
    { "city": "Blanes" },
    { "city": "Burgos" },
    { "city": "Caceres" },
    { "city": "Ceuta" },
    { "city": "Ciudad Real" },
    { "city": "Conil de la Frontera" },
    { "city": "Cordoba" },
    { "city": "Elche" },
    { "city": "Figueras" },
    { "city": "Gandia" },
    { "city": "Granada" },
    { "city": "Guadalajara Spain" },
    { "city": "Huesca" },
    { "city": "Ibiza" },
    { "city": "Igualada" },
    { "city": "Jerez" },
    { "city": "La Palma" },
    { "city": "Langreo" },
    { "city": "Lanzarote" },
    { "city": "Leon Spain" },
    { "city": "Linares" },
    { "city": "Lorca" },
    { "city": "Lucena" },
    { "city": "Madrid" },
    { "city": "Málaga" },
    { "city": "Menorca Ciutadella" },
    { "city": "Menorca Mahon" },
    { "city": "Merida Spain" },
    { "city": "Motril" },
    { "city": "Murcia Suburbs" },
    { "city": "Pamplona" },
    { "city": "Petrer" },
    { "city": "Plasencia" },
    { "city": "Ponferrada" },
    { "city": "Puente Genil" },
    { "city": "Puerto de Sta Maria" },
    { "city": "Puertollano" },
    { "city": "Salamanca Spain" },
    { "city": "San Sebastian" },
    { "city": "Santander" },
    { "city": "Santiago de Compostela" },
    { "city": "Seville" },
    { "city": "Talavera de la Reina" },
    { "city": "Tortosa" },
    { "city": "Tudela" },
    { "city": "Ubeda" },
    { "city": "Valdepenas" },
    { "city": "Vic" },
    { "city": "Vigo" },
    { "city": "Vilafranca" },
    { "city": "Vinaros" },
    { "city": "Vitoria, Spain" },
    { "city": "Yecla" }
  ],
  "tanzania": [
    {
      "city": "Dar Es Salaam"
    }
  ],
  "turkey": [
    {
      "city": "Istanbul"
    }
  ],
  "uganda": [
    {
      "city": "Kampala"
    }
  ],
  "ukraine": [
    { "city": "Dnipro" },
    { "city": "Kharkiv" },
    { "city": "Kyiv" },
    { "city": "Lviv" },
    { "city": "Odessa" },
    { "city": "Vinnytsia" },
    { "city": "Zaporizhia" }
  ],
  "united-arab-emirates": [
    {
      "city": "Abu Dhabi"
    },
    {
      "city": "Dubai"
    }
  ],
  "united-kingdom": [
    { "city": "Belfast" },
    { "city": "Birmingham, UK" },
    { "city": "Brighton and Sussex" },
    { "city": "Cambridge and East Anglia" },
    { "city": "Cardiff" },
    { "city": "Edinburgh" },
    { "city": "Glasgow" },
    { "city": "Home Counties" },
    { "city": "Leeds" },
    { "city": "Leicester" },
    { "city": "London" },
    { "city": "Manchester" },
    { "city": "Merseyside" },
    { "city": "North East, UK" },
    { "city": "Nottingham" },
    { "city": "Sheffield" },
    { "city": "South Coast, UK" },
    { "city": "South West, UK" },
    { "city": "Stoke" }
  ],
  "united-states": [
    {
      "city": "Abilene"
    },
    {
      "city": "Akron"
    },
    {
      "city": "Albuquerque"
    },
    {
      "city": "Amarillo"
    },
    {
      "city": "Ames"
    },
    {
      "city": "Anchorage"
    },
    {
      "city": "Ann Arbor"
    },
    {
      "city": "Asheville, NC"
    },
    {
      "city": "Athens"
    },
    {
      "city": "Atlanta"
    },
    {
      "city": "Auburn"
    },
    {
      "city": "Augusta"
    },
    {
      "city": "Austin"
    },
    {
      "city": "Bakersfield"
    },
    {
      "city": "Baltimore-Maryland"
    },
    {
      "city": "Baton Rouge"
    },
    {
      "city": "Beaumont"
    },
    {
      "city": "Bellingham"
    },
    {
      "city": "Big Island"
    },
    {
      "city": "Billings"
    },
    {
      "city": "Birmingham, AL"
    },
    {
      "city": "Bismarck"
    },
    {
      "city": "Bloomington, IN"
    },
    {
      "city": "Boise"
    },
    {
      "city": "Boone"
    },
    {
      "city": "Boston"
    },
    {
      "city": "Bowling Green, KY"
    },
    {
      "city": "Bozeman"
    },
    {
      "city": "Carbondale"
    },
    {
      "city": "Cedar Rapids"
    },
    {
      "city": "Central Atlantic Coast, FL"
    },
    {
      "city": "Central Oregon"
    },
    {
      "city": "Champaign"
    },
    {
      "city": "Charleston, SC"
    },
    {
      "city": "Charlotte"
    },
    {
      "city": "Charlottesville-Harrisonburg"
    },
    {
      "city": "Chattanooga"
    },
    {
      "city": "Chicago"
    },
    {
      "city": "Cincinnati"
    },
    {
      "city": "Cleveland"
    },
    {
      "city": "Coastal Georgia"
    },
    {
      "city": "Coeur D'Alene"
    },
    {
      "city": "College Station"
    },
    {
      "city": "Colorado Springs"
    },
    {
      "city": "Columbia, SC"
    },
    {
      "city": "Columbia, MO"
    },
    {
      "city": "Columbus"
    },
    {
      "city": "Columbus, GA"
    },
    {
      "city": "Connecticut"
    },
    {
      "city": "Cookeville"
    },
    {
      "city": "Corpus Christi"
    },
    {
      "city": "Dallas-Fort Worth"
    },
    {
      "city": "Dayton"
    },
    {
      "city": "Delaware"
    },
    {
      "city": "Denver"
    },
    {
      "city": "Des Moines"
    },
    {
      "city": "Detroit"
    },
    {
      "city": "Dickinson"
    },
    {
      "city": "Dothan"
    },
    {
      "city": "DuBois"
    },
    {
      "city": "Dubuque"
    },
    {
      "city": "Duluth"
    },
    {
      "city": "Eagle Pass"
    },
    {
      "city": "East Alabama"
    },
    {
      "city": "Eastern Idaho"
    },
    {
      "city": "Eastern North Carolina"
    },
    {
      "city": "Eastern Shore"
    },
    {
      "city": "Eastern Washington"
    },
    {
      "city": "Eastern WV"
    },
    {
      "city": "Eau Claire"
    },
    {
      "city": "El Paso"
    },
    {
      "city": "Erie"
    },
    {
      "city": "Eugene, OR"
    },
    {
      "city": "Evansville, IN"
    },
    {
      "city": "Fairbanks"
    },
    {
      "city": "Fargo - Moorhead"
    },
    {
      "city": "Fayetteville, AR"
    },
    {
      "city": "Fayetteville, NC"
    },
    {
      "city": "Flagstaff"
    },
    {
      "city": "Flint"
    },
    {
      "city": "Florence, SC"
    },
    {
      "city": "Florida Keys"
    },
    {
      "city": "Fort Collins"
    },
    {
      "city": "Fort Myers-Naples"
    },
    {
      "city": "Fort Wayne"
    },
    {
      "city": "Fresno"
    },
    {
      "city": "Gainesville"
    },
    {
      "city": "Gallup"
    },
    {
      "city": "Golden Triangle"
    },
    {
      "city": "Grand Forks"
    },
    {
      "city": "Grand Rapids"
    },
    {
      "city": "Greater Maine"
    },
    {
      "city": "Greater Williamsport"
    },
    {
      "city": "Green Bay"
    },
    {
      "city": "Greenville, SC"
    },
    {
      "city": "Gulfport-Biloxi"
    },
    {
      "city": "Hampton Roads"
    },
    {
      "city": "the Hamptons"
    },
    {
      "city": "Harrisburg"
    },
    {
      "city": "Hattiesburg, MS"
    },
    {
      "city": "Honolulu"
    },
    {
      "city": "Houston"
    },
    {
      "city": "Huntsville, AL"
    },
    {
      "city": "Indianapolis"
    },
    {
      "city": "Inland Empire"
    },
    {
      "city": "Iowa City"
    },
    {
      "city": "Jackson"
    },
    {
      "city": "Jackson, TN"
    },
    {
      "city": "Jacksonville"
    },
    {
      "city": "Johnstown-Altoona"
    },
    {
      "city": "Jonesboro"
    },
    {
      "city": "Juneau"
    },
    {
      "city": "Kalamazoo"
    },
    {
      "city": "Kansas City"
    },
    {
      "city": "Kauai"
    },
    {
      "city": "Killeen"
    },
    {
      "city": "Knoxville"
    },
    {
      "city": "La Crosse"
    },
    {
      "city": "Lafayette-Lake Charles"
    },
    {
      "city": "Lancaster, PA"
    },
    {
      "city": "Lansing"
    },
    {
      "city": "Laredo"
    },
    {
      "city": "Las Cruces"
    },
    {
      "city": "Las Vegas"
    },
    {
      "city": "Lawrence"
    },
    {
      "city": "Lawton"
    },
    {
      "city": "Lehigh Valley"
    },
    {
      "city": "Lexington"
    },
    {
      "city": "Lincoln"
    },
    {
      "city": "Little Rock"
    },
    {
      "city": "Los Angeles"
    },
    {
      "city": "Louisville"
    },
    {
      "city": "Lubbock"
    },
    {
      "city": "Macon"
    },
    {
      "city": "Madison"
    },
    {
      "city": "Manhattan"
    },
    {
      "city": "Mankato"
    },
    {
      "city": "Maui"
    },
    {
      "city": "Mayaguez"
    },
    {
      "city": "Memphis"
    },
    {
      "city": "Meridian"
    },
    {
      "city": "Miami"
    },
    {
      "city": "Midland-Odessa"
    },
    {
      "city": "Milwaukee"
    },
    {
      "city": "Minneapolis - St. Paul"
    },
    {
      "city": "Mississippi Delta"
    },
    {
      "city": "Missoula"
    },
    {
      "city": "Mobile, AL"
    },
    {
      "city": "Modesto"
    },
    {
      "city": "Monroe"
    },
    {
      "city": "Montgomery, AL"
    },
    {
      "city": "Myrtle Beach"
    },
    {
      "city": "Nacogdoches"
    },
    {
      "city": "Nashville"
    },
    {
      "city": "New Hampshire"
    },
    {
      "city": "New Jersey"
    },
    {
      "city": "New Jersey (Shore)"
    },
    {
      "city": "New Orleans"
    },
    {
      "city": "New York City"
    },
    {
      "city": "North Georgia"
    },
    {
      "city": "Northern Missouri"
    },
    {
      "city": "NW Indiana"
    },
    {
      "city": "NYC Suburbs"
    },
    {
      "city": "Ocala, FL"
    },
    {
      "city": "Oklahoma City"
    },
    {
      "city": "Olympia"
    },
    {
      "city": "Omaha"
    },
    {
      "city": "Orange County"
    },
    {
      "city": "Orlando"
    },
    {
      "city": "Outer Banks, NC"
    },
    {
      "city": "Oxford"
    },
    {
      "city": "Palm Springs"
    },
    {
      "city": "Panama City, Fl"
    },
    {
      "city": "Peninsula and SW WA"
    },
    {
      "city": "Pensacola, FL"
    },
    {
      "city": "Peoria, IL"
    },
    {
      "city": "Philadelphia"
    },
    {
      "city": "Phoenix"
    },
    {
      "city": "Piedmont Triad"
    },
    {
      "city": "Pierre"
    },
    {
      "city": "Pittsburgh"
    },
    {
      "city": "Ponce"
    },
    {
      "city": "Portland"
    },
    {
      "city": "Portland, ME"
    },
    {
      "city": "Quad Cities"
    },
    {
      "city": "Raleigh-Durham"
    },
    {
      "city": "Rapid City"
    },
    {
      "city": "Reading, PA"
    },
    {
      "city": "Reno"
    },
    {
      "city": "Rhode Island"
    },
    {
      "city": "Richmond"
    },
    {
      "city": "Rio Grande Valley"
    },
    {
      "city": "Roanoke-Blacksburg"
    },
    {
      "city": "Rochester, MN"
    },
    {
      "city": "Rockford"
    },
    {
      "city": "Rockies"
    },
    {
      "city": "Sacramento"
    },
    {
      "city": "Salt Lake City"
    },
    {
      "city": "San Angelo"
    },
    {
      "city": "San Antonio"
    },
    {
      "city": "San Diego"
    },
    {
      "city": "San Francisco Bay Area"
    },
    {
      "city": "San Juan, PR"
    },
    {
      "city": "San Luis Obispo"
    },
    {
      "city": "Santa Barbara"
    },
    {
      "city": "Santa Fe"
    },
    {
      "city": "Sarasota"
    },
    {
      "city": "Savannah-Hilton Head"
    },
    {
      "city": "Seattle"
    },
    {
      "city": "Shreveport-Alexandria"
    },
    {
      "city": "Sioux City"
    },
    {
      "city": "Sioux Falls"
    },
    {
      "city": "South Alabama"
    },
    {
      "city": "South Bend"
    },
    {
      "city": "South Georgia"
    },
    {
      "city": "South Tennessee"
    },
    {
      "city": "Southern Arkansas"
    },
    {
      "city": "Southern Oregon"
    },
    {
      "city": "Southern Utah"
    },
    {
      "city": "Spokane"
    },
    {
      "city": "Springfield, IL"
    },
    {
      "city": "Springfield, Mo"
    },
    {
      "city": "St Cloud"
    },
    {
      "city": "St Louis"
    },
    {
      "city": "State College"
    },
    {
      "city": "Stillwater"
    },
    {
      "city": "Tacoma"
    },
    {
      "city": "Tallahassee"
    },
    {
      "city": "Tampa Bay"
    },
    {
      "city": "Taos"
    },
    {
      "city": "Terre Haute"
    },
    {
      "city": "Texarkana"
    },
    {
      "city": "The Shoals"
    },
    {
      "city": "Toledo"
    },
    {
      "city": "Topeka"
    },
    {
      "city": "Traverse City"
    },
    {
      "city": "Tri-Cities"
    },
    {
      "city": "Tri-Cities, MI"
    },
    {
      "city": "Tucson"
    },
    {
      "city": "Tulsa"
    },
    {
      "city": "Tuscaloosa"
    },
    {
      "city": "Tyler"
    },
    {
      "city": "Upstate NY"
    },
    {
      "city": "Ventura"
    },
    {
      "city": "Vermont"
    },
    {
      "city": "Waco"
    },
    {
      "city": "Washington D.C."
    },
    {
      "city": "Waterloo-Cedar Falls"
    },
    {
      "city": "West Lafayette"
    },
    {
      "city": "West Texas"
    },
    {
      "city": "Western Arizona"
    },
    {
      "city": "Western MA"
    },
    {
      "city": "Western WV"
    },
    {
      "city": "Wichita"
    },
    {
      "city": "Wichita Falls"
    },
    {
      "city": "Wilkes-Barre Scranton"
    },
    {
      "city": "Willamette Valley"
    },
    {
      "city": "Wilmington, NC"
    },
    {
      "city": "Worcester"
    },
    {
      "city": "Wyoming"
    },
    {
      "city": "York-Gettysburg"
    },
    {
      "city": "Youngstown"
    },
    {
      "city": "Yuma"
    }
  ],
  "uruguay": [
    {
      "city": "Montevideo"
    },
    {
      "city": "Punta del Este"
    }
  ]
}
